<?xml version="1.0" encoding="UTF-8"?>
<spirit:component xmlns:xilinx="http://www.xilinx.com" xmlns:spirit="http://www.spiritconsortium.org/XMLSchema/SPIRIT/1685-2009" xmlns:xsi="http://www.w3.org/2001/XMLSchema-instance">
  <spirit:vendor>M.P.</spirit:vendor>
  <spirit:library>None</spirit:library>
  <spirit:name>task2</spirit:name>
  <spirit:version>1.0</spirit:version>
  <spirit:model>
    <spirit:views>
      <spirit:view>
        <spirit:name>xilinx_anylanguagesynthesis</spirit:name>
        <spirit:displayName>Synthesis</spirit:displayName>
        <spirit:envIdentifier>:vivado.xilinx.com:synthesis</spirit:envIdentifier>
        <spirit:language>Verilog</spirit:language>
        <spirit:modelName>task2</spirit:modelName>
        <spirit:fileSetRef>
          <spirit:localName>xilinx_anylanguagesynthesis_view_fileset</spirit:localName>
        </spirit:fileSetRef>
        <spirit:parameters>
          <spirit:parameter>
            <spirit:name>viewChecksum</spirit:name>
            <spirit:value>b7d59602</spirit:value>
          </spirit:parameter>
        </spirit:parameters>
      </spirit:view>
      <spirit:view>
        <spirit:name>xilinx_anylanguagebehavioralsimulation</spirit:name>
        <spirit:displayName>Simulation</spirit:displayName>
        <spirit:envIdentifier>:vivado.xilinx.com:simulation</spirit:envIdentifier>
        <spirit:language>Verilog</spirit:language>
        <spirit:modelName>task2</spirit:modelName>
        <spirit:fileSetRef>
          <spirit:localName>xilinx_anylanguagebehavioralsimulation_view_fileset</spirit:localName>
        </spirit:fileSetRef>
        <spirit:parameters>
          <spirit:parameter>
            <spirit:name>viewChecksum</spirit:name>
            <spirit:value>b7d59602</spirit:value>
          </spirit:parameter>
        </spirit:parameters>
      </spirit:view>
      <spirit:view>
        <spirit:name>xilinx_xpgui</spirit:name>
        <spirit:displayName>UI Layout</spirit:displayName>
        <spirit:envIdentifier>:vivado.xilinx.com:xgui.ui</spirit:envIdentifier>
        <spirit:fileSetRef>
          <spirit:localName>xilinx_xpgui_view_fileset</spirit:localName>
        </spirit:fileSetRef>
        <spirit:parameters>
          <spirit:parameter>
            <spirit:name>viewChecksum</spirit:name>
            <spirit:value>69201cbe</spirit:value>
          </spirit:parameter>
        </spirit:parameters>
      </spirit:view>
    </spirit:views>
    <spirit:ports>
      <spirit:port>
        <spirit:name>en_i</spirit:name>
        <spirit:wire>
          <spirit:direction>in</spirit:direction>
          <spirit:wireTypeDefs>
            <spirit:wireTypeDef>
              <spirit:typeName>std_logic</spirit:typeName>
              <spirit:viewNameRef>xilinx_anylanguagesynthesis</spirit:viewNameRef>
              <spirit:viewNameRef>xilinx_anylanguagebehavioralsimulation</spirit:viewNameRef>
            </spirit:wireTypeDef>
          </spirit:wireTypeDefs>
        </spirit:wire>
      </spirit:port>
      <spirit:port>
        <spirit:name>axis_aclk_i</spirit:name>
        <spirit:wire>
          <spirit:direction>in</spirit:direction>
          <spirit:wireTypeDefs>
            <spirit:wireTypeDef>
              <spirit:typeName>std_logic</spirit:typeName>
              <spirit:viewNameRef>xilinx_anylanguagesynthesis</spirit:viewNameRef>
              <spirit:viewNameRef>xilinx_anylanguagebehavioralsimulation</spirit:viewNameRef>
            </spirit:wireTypeDef>
          </spirit:wireTypeDefs>
        </spirit:wire>
      </spirit:port>
      <spirit:port>
        <spirit:name>axis_aresetn_i</spirit:name>
        <spirit:wire>
          <spirit:direction>in</spirit:direction>
          <spirit:wireTypeDefs>
            <spirit:wireTypeDef>
              <spirit:typeName>std_logic</spirit:typeName>
              <spirit:viewNameRef>xilinx_anylanguagesynthesis</spirit:viewNameRef>
              <spirit:viewNameRef>xilinx_anylanguagebehavioralsimulation</spirit:viewNameRef>
            </spirit:wireTypeDef>
          </spirit:wireTypeDefs>
        </spirit:wire>
      </spirit:port>
      <spirit:port>
        <spirit:name>axis_tvalid_i</spirit:name>
        <spirit:wire>
          <spirit:direction>in</spirit:direction>
          <spirit:wireTypeDefs>
            <spirit:wireTypeDef>
              <spirit:typeName>std_logic</spirit:typeName>
              <spirit:viewNameRef>xilinx_anylanguagesynthesis</spirit:viewNameRef>
              <spirit:viewNameRef>xilinx_anylanguagebehavioralsimulation</spirit:viewNameRef>
            </spirit:wireTypeDef>
          </spirit:wireTypeDefs>
        </spirit:wire>
      </spirit:port>
      <spirit:port>
        <spirit:name>axis_tready_o</spirit:name>
        <spirit:wire>
          <spirit:direction>out</spirit:direction>
          <spirit:wireTypeDefs>
            <spirit:wireTypeDef>
              <spirit:typeName>std_logic</spirit:typeName>
              <spirit:viewNameRef>xilinx_anylanguagesynthesis</spirit:viewNameRef>
              <spirit:viewNameRef>xilinx_anylanguagebehavioralsimulation</spirit:viewNameRef>
            </spirit:wireTypeDef>
          </spirit:wireTypeDefs>
        </spirit:wire>
      </spirit:port>
      <spirit:port>
        <spirit:name>axis_tdata_i</spirit:name>
        <spirit:wire>
          <spirit:direction>in</spirit:direction>
          <spirit:vector>
            <spirit:left spirit:format="long" spirit:resolve="dependent" spirit:dependency="(spirit:decode(id(&apos;MODELPARAM_VALUE.TDATA_WIDTH&apos;)) - 1)">15</spirit:left>
            <spirit:right spirit:format="long">0</spirit:right>
          </spirit:vector>
          <spirit:wireTypeDefs>
            <spirit:wireTypeDef>
              <spirit:typeName>std_logic_vector</spirit:typeName>
              <spirit:viewNameRef>xilinx_anylanguagesynthesis</spirit:viewNameRef>
              <spirit:viewNameRef>xilinx_anylanguagebehavioralsimulation</spirit:viewNameRef>
            </spirit:wireTypeDef>
          </spirit:wireTypeDefs>
          <spirit:driver>
            <spirit:defaultValue spirit:format="long">0</spirit:defaultValue>
          </spirit:driver>
        </spirit:wire>
      </spirit:port>
      <spirit:port>
        <spirit:name>start_i</spirit:name>
        <spirit:wire>
          <spirit:direction>in</spirit:direction>
          <spirit:wireTypeDefs>
            <spirit:wireTypeDef>
              <spirit:typeName>std_logic</spirit:typeName>
              <spirit:viewNameRef>xilinx_anylanguagesynthesis</spirit:viewNameRef>
              <spirit:viewNameRef>xilinx_anylanguagebehavioralsimulation</spirit:viewNameRef>
            </spirit:wireTypeDef>
          </spirit:wireTypeDefs>
        </spirit:wire>
      </spirit:port>
      <spirit:port>
        <spirit:name>fault_o</spirit:name>
        <spirit:wire>
          <spirit:direction>out</spirit:direction>
          <spirit:wireTypeDefs>
            <spirit:wireTypeDef>
              <spirit:typeName>std_logic</spirit:typeName>
              <spirit:viewNameRef>xilinx_anylanguagesynthesis</spirit:viewNameRef>
              <spirit:viewNameRef>xilinx_anylanguagebehavioralsimulation</spirit:viewNameRef>
            </spirit:wireTypeDef>
          </spirit:wireTypeDefs>
        </spirit:wire>
      </spirit:port>
      <spirit:port>
        <spirit:name>spi_cmd_i</spirit:name>
        <spirit:wire>
          <spirit:direction>in</spirit:direction>
          <spirit:vector>
            <spirit:left spirit:format="long">3</spirit:left>
            <spirit:right spirit:format="long">0</spirit:right>
          </spirit:vector>
          <spirit:wireTypeDefs>
            <spirit:wireTypeDef>
              <spirit:typeName>std_logic_vector</spirit:typeName>
              <spirit:viewNameRef>xilinx_anylanguagesynthesis</spirit:viewNameRef>
              <spirit:viewNameRef>xilinx_anylanguagebehavioralsimulation</spirit:viewNameRef>
            </spirit:wireTypeDef>
          </spirit:wireTypeDefs>
        </spirit:wire>
      </spirit:port>
      <spirit:port>
        <spirit:name>spi_ss_o</spirit:name>
        <spirit:wire>
          <spirit:direction>out</spirit:direction>
          <spirit:wireTypeDefs>
            <spirit:wireTypeDef>
              <spirit:typeName>std_logic</spirit:typeName>
              <spirit:viewNameRef>xilinx_anylanguagesynthesis</spirit:viewNameRef>
              <spirit:viewNameRef>xilinx_anylanguagebehavioralsimulation</spirit:viewNameRef>
            </spirit:wireTypeDef>
          </spirit:wireTypeDefs>
        </spirit:wire>
      </spirit:port>
      <spirit:port>
        <spirit:name>spi_sck_o</spirit:name>
        <spirit:wire>
          <spirit:direction>out</spirit:direction>
          <spirit:wireTypeDefs>
            <spirit:wireTypeDef>
              <spirit:typeName>std_logic</spirit:typeName>
              <spirit:viewNameRef>xilinx_anylanguagesynthesis</spirit:viewNameRef>
              <spirit:viewNameRef>xilinx_anylanguagebehavioralsimulation</spirit:viewNameRef>
            </spirit:wireTypeDef>
          </spirit:wireTypeDefs>
        </spirit:wire>
      </spirit:port>
      <spirit:port>
        <spirit:name>spi_sdo_o</spirit:name>
        <spirit:wire>
          <spirit:direction>out</spirit:direction>
          <spirit:wireTypeDefs>
            <spirit:wireTypeDef>
              <spirit:typeName>std_logic</spirit:typeName>
              <spirit:viewNameRef>xilinx_anylanguagesynthesis</spirit:viewNameRef>
              <spirit:viewNameRef>xilinx_anylanguagebehavioralsimulation</spirit:viewNameRef>
            </spirit:wireTypeDef>
          </spirit:wireTypeDefs>
        </spirit:wire>
      </spirit:port>
    </spirit:ports>
    <spirit:modelParameters>
      <spirit:modelParameter xsi:type="spirit:nameValueTypeType" spirit:dataType="integer">
        <spirit:name>TDATA_WIDTH</spirit:name>
        <spirit:displayName>Tdata Width</spirit:displayName>
        <spirit:value spirit:format="long" spirit:resolve="generated" spirit:id="MODELPARAM_VALUE.TDATA_WIDTH">16</spirit:value>
      </spirit:modelParameter>
    </spirit:modelParameters>
  </spirit:model>
  <spirit:fileSets>
    <spirit:fileSet>
      <spirit:name>xilinx_anylanguagesynthesis_view_fileset</spirit:name>
      <spirit:file>
        <spirit:name>task2.v</spirit:name>
        <spirit:fileType>verilogSource</spirit:fileType>
        <spirit:userFileType>CHECKSUM_b7d59602</spirit:userFileType>
      </spirit:file>
    </spirit:fileSet>
    <spirit:fileSet>
      <spirit:name>xilinx_anylanguagebehavioralsimulation_view_fileset</spirit:name>
      <spirit:file>
        <spirit:name>task2.v</spirit:name>
        <spirit:fileType>verilogSource</spirit:fileType>
      </spirit:file>
    </spirit:fileSet>
    <spirit:fileSet>
      <spirit:name>xilinx_xpgui_view_fileset</spirit:name>
      <spirit:file>
        <spirit:name>xgui/task2_v1_0.tcl</spirit:name>
        <spirit:fileType>tclSource</spirit:fileType>
        <spirit:userFileType>CHECKSUM_69201cbe</spirit:userFileType>
        <spirit:userFileType>XGUI_VERSION_2</spirit:userFileType>
      </spirit:file>
    </spirit:fileSet>
  </spirit:fileSets>
  <spirit:description>task2_v1_0</spirit:description>
  <spirit:parameters>
    <spirit:parameter>
      <spirit:name>TDATA_WIDTH</spirit:name>
      <spirit:displayName>Tdata Width</spirit:displayName>
      <spirit:value spirit:format="long" spirit:resolve="user" spirit:id="PARAM_VALUE.TDATA_WIDTH">16</spirit:value>
    </spirit:parameter>
    <spirit:parameter>
      <spirit:name>Component_Name</spirit:name>
      <spirit:value spirit:resolve="user" spirit:id="PARAM_VALUE.Component_Name" spirit:order="1">task2_v1_0</spirit:value>
    </spirit:parameter>
  </spirit:parameters>
  <spirit:vendorExtensions>
    <xilinx:coreExtensions>
      <xilinx:supportedFamilies>
        <xilinx:family xilinx:lifeCycle="Production">virtex7</xilinx:family>
        <xilinx:family xilinx:lifeCycle="Production">qvirtex7</xilinx:family>
        <xilinx:family xilinx:lifeCycle="Production">versal</xilinx:family>
        <xilinx:family xilinx:lifeCycle="Production">kintex7</xilinx:family>
        <xilinx:family xilinx:lifeCycle="Production">kintex7l</xilinx:family>
        <xilinx:family xilinx:lifeCycle="Production">qkintex7</xilinx:family>
        <xilinx:family xilinx:lifeCycle="Production">qkintex7l</xilinx:family>
        <xilinx:family xilinx:lifeCycle="Production">akintex7</xilinx:family>
        <xilinx:family xilinx:lifeCycle="Production">artix7</xilinx:family>
        <xilinx:family xilinx:lifeCycle="Production">artix7l</xilinx:family>
        <xilinx:family xilinx:lifeCycle="Production">aartix7</xilinx:family>
        <xilinx:family xilinx:lifeCycle="Production">qartix7</xilinx:family>
        <xilinx:family xilinx:lifeCycle="Production">zynq</xilinx:family>
        <xilinx:family xilinx:lifeCycle="Production">qzynq</xilinx:family>
        <xilinx:family xilinx:lifeCycle="Production">azynq</xilinx:family>
        <xilinx:family xilinx:lifeCycle="Production">spartan7</xilinx:family>
        <xilinx:family xilinx:lifeCycle="Production">aspartan7</xilinx:family>
        <xilinx:family xilinx:lifeCycle="Production">virtexu</xilinx:family>
        <xilinx:family xilinx:lifeCycle="Production">zynquplus</xilinx:family>
        <xilinx:family xilinx:lifeCycle="Production">virtexuplus</xilinx:family>
        <xilinx:family xilinx:lifeCycle="Production">virtexuplusHBM</xilinx:family>
        <xilinx:family xilinx:lifeCycle="Production">virtexuplus58g</xilinx:family>
        <xilinx:family xilinx:lifeCycle="Production">kintexuplus</xilinx:family>
        <xilinx:family xilinx:lifeCycle="Production">artixuplus</xilinx:family>
        <xilinx:family xilinx:lifeCycle="Production">kintexu</xilinx:family>
      </xilinx:supportedFamilies>
      <xilinx:taxonomies>
        <xilinx:taxonomy>/UserIP</xilinx:taxonomy>
      </xilinx:taxonomies>
      <xilinx:displayName>task2_v1_0</xilinx:displayName>
      <xilinx:definitionSource>package_project</xilinx:definitionSource>
      <xilinx:vendorDisplayName>Marek P</xilinx:vendorDisplayName>
      <xilinx:coreRevision>6</xilinx:coreRevision>
      <xilinx:coreCreationDateTime>2025-09-29T21:30:03Z</xilinx:coreCreationDateTime>
      <xilinx:tags>
        <xilinx:tag xilinx:name="nopcore"/>
        <xilinx:tag xilinx:name="ui.data.coregen.df@3e7027b4_ARCHIVE_LOCATION">c:/Users/marekp/Desktop/xxx/task2</xilinx:tag>
        <xilinx:tag xilinx:name="ui.data.coregen.df@19a259c_ARCHIVE_LOCATION">c:/Users/marekp/Desktop/xxx/task2</xilinx:tag>
        <xilinx:tag xilinx:name="ui.data.coregen.df@549c8de_ARCHIVE_LOCATION">c:/Users/marekp/Desktop/xxx/task2</xilinx:tag>
        <xilinx:tag xilinx:name="ui.data.coregen.df@4603d907_ARCHIVE_LOCATION">c:/Users/marekp/Desktop/xxx/task2</xilinx:tag>
        <xilinx:tag xilinx:name="ui.data.coregen.df@577530d9_ARCHIVE_LOCATION">c:/Users/marekp/Desktop/xxx/task2</xilinx:tag>
        <xilinx:tag xilinx:name="ui.data.coregen.df@1b10ac4f_ARCHIVE_LOCATION">c:/Users/marekp/Desktop/xxx/task2</xilinx:tag>
        <xilinx:tag xilinx:name="ui.data.coregen.df@3237fe27_ARCHIVE_LOCATION">c:/Users/marekp/Desktop/xxx/task2</xilinx:tag>
        <xilinx:tag xilinx:name="ui.data.coregen.df@7ac19de7_ARCHIVE_LOCATION">c:/Users/marekp/Desktop/xxx/task2</xilinx:tag>
        <xilinx:tag xilinx:name="ui.data.coregen.df@4caf6309_ARCHIVE_LOCATION">c:/Users/marekp/Desktop/xxx/task2</xilinx:tag>
        <xilinx:tag xilinx:name="ui.data.coregen.df@253a8d31_ARCHIVE_LOCATION">c:/Users/marekp/Desktop/xxx/task2</xilinx:tag>
        <xilinx:tag xilinx:name="ui.data.coregen.df@33efceb7_ARCHIVE_LOCATION">c:/Users/marekp/Desktop/xxx/task2</xilinx:tag>
        <xilinx:tag xilinx:name="ui.data.coregen.df@5b5ed411_ARCHIVE_LOCATION">c:/Users/marekp/Desktop/xxx/task2</xilinx:tag>
        <xilinx:tag xilinx:name="ui.data.coregen.df@2d83f8b0_ARCHIVE_LOCATION">c:/Users/marekp/Desktop/xxx/task2</xilinx:tag>
        <xilinx:tag xilinx:name="ui.data.coregen.df@68db276c_ARCHIVE_LOCATION">c:/Users/marekp/Desktop/xxx/task2</xilinx:tag>
        <xilinx:tag xilinx:name="ui.data.coregen.df@561d3c36_ARCHIVE_LOCATION">c:/Users/marekp/Desktop/xxx/task2</xilinx:tag>
        <xilinx:tag xilinx:name="ui.data.coregen.df@45d161a0_ARCHIVE_LOCATION">c:/Users/marekp/Desktop/xxx/task2</xilinx:tag>
        <xilinx:tag xilinx:name="ui.data.coregen.df@3ce8328e_ARCHIVE_LOCATION">c:/Users/marekp/Desktop/xxx/task2</xilinx:tag>
        <xilinx:tag xilinx:name="ui.data.coregen.df@30154f79_ARCHIVE_LOCATION">c:/Users/marekp/Desktop/xxx/task2</xilinx:tag>
        <xilinx:tag xilinx:name="ui.data.coregen.df@19e0019e_ARCHIVE_LOCATION">c:/Users/marekp/Desktop/xxx/task2</xilinx:tag>
        <xilinx:tag xilinx:name="ui.data.coregen.df@6ec4cfc5_ARCHIVE_LOCATION">c:/Users/marekp/Desktop/xxx/task2</xilinx:tag>
        <xilinx:tag xilinx:name="ui.data.coregen.df@6b00e904_ARCHIVE_LOCATION">c:/Users/marekp/Desktop/xxx/task2</xilinx:tag>
        <xilinx:tag xilinx:name="ui.data.coregen.df@2b2ac2ea_ARCHIVE_LOCATION">c:/Users/marekp/Desktop/xxx/task2</xilinx:tag>
        <xilinx:tag xilinx:name="ui.data.coregen.df@119c5e6f_ARCHIVE_LOCATION">c:/Users/marekp/Desktop/xxx/task2</xilinx:tag>
        <xilinx:tag xilinx:name="ui.data.coregen.df@1f509f19_ARCHIVE_LOCATION">c:/Users/marekp/Desktop/xxx/task2</xilinx:tag>
        <xilinx:tag xilinx:name="ui.data.coregen.df@381f7032_ARCHIVE_LOCATION">c:/Users/marekp/Desktop/xxx/task2</xilinx:tag>
        <xilinx:tag xilinx:name="ui.data.coregen.df@747c5590_ARCHIVE_LOCATION">c:/Users/marekp/Desktop/xxx/task2</xilinx:tag>
        <xilinx:tag xilinx:name="ui.data.coregen.df@1a43a37e_ARCHIVE_LOCATION">c:/Users/marekp/Desktop/xxx/task2</xilinx:tag>
        <xilinx:tag xilinx:name="ui.data.coregen.df@5627f613_ARCHIVE_LOCATION">c:/Users/marekp/Desktop/xxx/task2</xilinx:tag>
        <xilinx:tag xilinx:name="ui.data.coregen.df@6f8adf0f_ARCHIVE_LOCATION">c:/Users/marekp/Desktop/xxx/task2</xilinx:tag>
        <xilinx:tag xilinx:name="ui.data.coregen.df@50395cb4_ARCHIVE_LOCATION">c:/Users/marekp/Desktop/xxx/task2</xilinx:tag>
        <xilinx:tag xilinx:name="ui.data.coregen.df@39f13bd0_ARCHIVE_LOCATION">c:/Users/marekp/Desktop/xxx/task2</xilinx:tag>
        <xilinx:tag xilinx:name="ui.data.coregen.df@1b838708_ARCHIVE_LOCATION">c:/Users/marekp/Desktop/xxx/task2</xilinx:tag>
        <xilinx:tag xilinx:name="ui.data.coregen.df@29c0d62b_ARCHIVE_LOCATION">c:/Users/marekp/Desktop/xxx/task2</xilinx:tag>
        <xilinx:tag xilinx:name="ui.data.coregen.df@6b67b73e_ARCHIVE_LOCATION">c:/Users/marekp/Desktop/xxx/task2</xilinx:tag>
        <xilinx:tag xilinx:name="ui.data.coregen.df@31c5ed20_ARCHIVE_LOCATION">c:/Users/marekp/Desktop/xxx/task2</xilinx:tag>
        <xilinx:tag xilinx:name="ui.data.coregen.df@14a6244_ARCHIVE_LOCATION">c:/Users/marekp/Desktop/xxx/task2</xilinx:tag>
        <xilinx:tag xilinx:name="ui.data.coregen.df@1fe94245_ARCHIVE_LOCATION">c:/Users/marekp/Desktop/xxx/task2</xilinx:tag>
        <xilinx:tag xilinx:name="ui.data.coregen.df@4480d48_ARCHIVE_LOCATION">c:/Users/marekp/Desktop/xxx/task2</xilinx:tag>
        <xilinx:tag xilinx:name="ui.data.coregen.df@47e6eb04_ARCHIVE_LOCATION">c:/Users/marekp/Desktop/xxx/task2</xilinx:tag>
        <xilinx:tag xilinx:name="ui.data.coregen.df@55873ac0_ARCHIVE_LOCATION">c:/Users/marekp/Desktop/xxx/task2</xilinx:tag>
        <xilinx:tag xilinx:name="ui.data.coregen.df@60b83c15_ARCHIVE_LOCATION">c:/Users/marekp/Desktop/xxx/task2</xilinx:tag>
        <xilinx:tag xilinx:name="ui.data.coregen.df@4df9901b_ARCHIVE_LOCATION">c:/Users/marekp/Desktop/xxx/task2</xilinx:tag>
        <xilinx:tag xilinx:name="ui.data.coregen.df@3c72b356_ARCHIVE_LOCATION">c:/Users/marekp/Desktop/xxx/task2</xilinx:tag>
      </xilinx:tags>
    </xilinx:coreExtensions>
    <xilinx:packagingInfo>
      <xilinx:xilinxVersion>2021.2</xilinx:xilinxVersion>
      <xilinx:checksum xilinx:scope="fileGroups" xilinx:value="133a3c47"/>
      <xilinx:checksum xilinx:scope="ports" xilinx:value="4fbbbf97"/>
      <xilinx:checksum xilinx:scope="hdlParameters" xilinx:value="593c1b1a"/>
      <xilinx:checksum xilinx:scope="parameters" xilinx:value="7fdf29bc"/>
    </xilinx:packagingInfo>
  </spirit:vendorExtensions>
</spirit:component>
